"원시순위","코드","종목","시장","유니버스","가격","DART","실적지표수","공시일","컴플라이언스","랭킹상태","랭킹","점수","주요 사유"
"1","005930","삼성전자","KOSPI","통과","가용","가용","4","2026-05-15","제외","미랭킹","","","컴플라이언스 제외(005930)"
"2","000660","SK하이닉스","KOSPI","통과","가용","가용","4","2026-05-15","통과","랭킹 가능","1","0.9576300068008068","가격·DART·컴플라이언스 조건 모두 통과"
"3","373220","LG에너지솔루션","KOSPI","통과","가용","결측","0","2026-05-14","통과","미랭킹","","","기준일까지 매출·EPS가 함께 있는 DART 분기 공시 없음"
"4","207940","삼성바이오로직스","KOSPI","통과","가용","가용","4","2025-11-14","통과","랭킹 가능","94","0.5363069860700718","가격·DART·컴플라이언스 조건 모두 통과"
"5","005935","삼성전자우","KOSPI","제외","미평가","미평가","","","미평가","미랭킹","","","우선주"
"6","005380","현대차","KOSPI","통과","가용","가용","4","2026-05-15","통과","랭킹 가능","50","0.641226343745603","가격·DART·컴플라이언스 조건 모두 통과"
"7","329180","HD현대중공업","KOSPI","통과","가용","가용","4","2026-05-15","통과","랭킹 가능","58","0.6288782186576615","가격·DART·컴플라이언스 조건 모두 통과"
"8","402340","SK스퀘어","KOSPI","통과","가용","가용","4","2026-05-14","통과","랭킹 가능","7","0.8392536994043431","가격·DART·컴플라이언스 조건 모두 통과"
"9","012450","한화에어로스페이스","KOSPI","통과","가용","가용","4","2024-08-14","통과","랭킹 가능","102","0.5106142418273064","가격·DART·컴플라이언스 조건 모두 통과"
"10","034020","두산에너빌리티","KOSPI","통과","가용","가용","4","2026-05-14","통과","랭킹 가능","161","0.3371212654190704","가격·DART·컴플라이언스 조건 모두 통과"
"11","105560","KB금융","KOSPI","통과","가용","결측","0","2026-05-15","통과","미랭킹","","","기준일까지 매출·EPS가 함께 있는 DART 분기 공시 없음"
"12","000270","기아","KOSPI","통과","가용","가용","4","2026-05-15","통과","랭킹 가능","84","0.5648693482951082","가격·DART·컴플라이언스 조건 모두 통과"
"13","068270","셀트리온","KOSPI","통과","가용","가용","4","2026-05-15","통과","랭킹 가능","110","0.484544140753248","가격·DART·컴플라이언스 조건 모두 통과"
"14","028260","삼성물산","KOSPI","통과","가용","가용","4","2026-05-15","통과","랭킹 가능","57","0.6316922283194972","가격·DART·컴플라이언스 조건 모두 통과"
"15","035420","NAVER","KOSPI","통과","가용","가용","4","2026-05-15","통과","랭킹 가능","178","0.2770027203226866","가격·DART·컴플라이언스 조건 모두 통과"
"16","055550","신한지주","KOSPI","통과","가용","결측","0","2026-05-15","통과","미랭킹","","","기준일까지 매출·EPS가 함께 있는 DART 분기 공시 없음"
"17","042660","한화오션","KOSPI","통과","가용","가용","4","2026-05-13","통과","랭킹 가능","183","0.26157702499882746","가격·DART·컴플라이언스 조건 모두 통과"
"18","012330","현대모비스","KOSPI","통과","가용","가용","4","2026-05-15","통과","랭킹 가능","70","0.5985618932038835","가격·DART·컴플라이언스 조건 모두 통과"
"19","032830","삼성생명","KOSPI","통과","가용","결측","0","2026-05-15","통과","미랭킹","","","기준일까지 매출·EPS가 함께 있는 DART 분기 공시 없음"
"20","015760","한국전력","KOSPI","통과","가용","가용","4","2026-05-15","통과","랭킹 가능","175","0.2922116985601051","가격·DART·컴플라이언스 조건 모두 통과"
"21","009540","HD한국조선해양","KOSPI","통과","가용","가용","4","2026-05-15","통과","랭킹 가능","130","0.43343264856245023","가격·DART·컴플라이언스 조건 모두 통과"
"22","267260","HD현대일렉트릭","KOSPI","통과","가용","가용","4","2026-03-16","통과","랭킹 가능","53","0.638945523193096","가격·DART·컴플라이언스 조건 모두 통과"
"23","035720","카카오","KOSPI","통과","가용","가용","4","2025-11-14","통과","랭킹 가능","198","0.2253931276675578","가격·DART·컴플라이언스 조건 모두 통과"
"24","086790","하나금융지주","KOSPI","통과","가용","결측","0","2026-05-15","통과","미랭킹","","","기준일까지 매출·EPS가 함께 있는 DART 분기 공시 없음"
"25","005490","POSCO홀딩스","KOSPI","통과","가용","가용","4","2026-05-15","통과","랭킹 가능","91","0.5468939660428686","가격·DART·컴플라이언스 조건 모두 통과"
"26","010130","고려아연","KOSPI","통과","가용","가용","4","2026-06-01","통과","랭킹 가능","71","0.5946645619342432","가격·DART·컴플라이언스 조건 모두 통과"
"27","196170","알테오젠","KOSDAQ","통과","가용","가용","4","2026-05-15","통과","랭킹 가능","190","0.25276464518549785","가격·DART·컴플라이언스 조건 모두 통과"
"28","051910","LG화학","KOSPI","통과","가용","가용","4","2026-03-13","통과","랭킹 가능","184","0.2603213967449932","가격·DART·컴플라이언스 조건 모두 통과"
"29","000810","삼성화재","KOSPI","통과","가용","결측","0","2026-05-15","통과","미랭킹","","","기준일까지 매출·EPS가 함께 있는 DART 분기 공시 없음"
"30","006400","삼성SDI","KOSPI","통과","가용","가용","4","2026-05-15","통과","랭킹 가능","27","0.7145189601801041","가격·DART·컴플라이언스 조건 모두 통과"
"31","010140","삼성중공업","KOSPI","통과","가용","가용","4","2024-11-14","통과","랭킹 가능","114","0.464937942638713","가격·DART·컴플라이언스 조건 모두 통과"
"32","316140","우리금융지주","KOSPI","통과","가용","결측","0","2026-05-15","통과","미랭킹","","","기준일까지 매출·EPS가 함께 있는 DART 분기 공시 없음"
"33","064350","현대로템","KOSPI","통과","가용","가용","4","2026-05-15","통과","랭킹 가능","168","0.31871274213217016","가격·DART·컴플라이언스 조건 모두 통과"
"34","138040","메리츠금융지주","KOSPI","제외","미평가","미평가","","","미평가","미랭킹","","","보통주 필터 오탐 가능: 이름의 '리츠' 문자열을 REIT로 인식"
"35","011200","HMM","KOSPI","통과","가용","가용","4","2026-05-13","통과","랭킹 가능","160","0.33722872989071806","가격·DART·컴플라이언스 조건 모두 통과"
"36","009150","삼성전기","KOSPI","통과","가용","가용","4","2026-05-15","통과","랭킹 가능","10","0.8063985917639885","가격·DART·컴플라이언스 조건 모두 통과"
"37","034730","SK","KOSPI","통과","가용","가용","4","2026-05-15","통과","랭킹 가능","6","0.8459605260072229","가격·DART·컴플라이언스 조건 모두 통과"
"38","0126Z0","삼성에피스홀딩스","KOSPI","제외","미평가","미평가","","","미평가","미랭킹","","","유효한 6자리 종목코드가 아님"
"39","096770","SK이노베이션","KOSPI","통과","가용","가용","4","2026-05-15","통과","랭킹 가능","69","0.6052038190047371","가격·DART·컴플라이언스 조건 모두 통과"
"40","033780","KT&G","KOSPI","통과","가용","가용","4","2026-05-15","통과","랭킹 가능","59","0.6244641726466864","가격·DART·컴플라이언스 조건 모두 통과"
"41","024110","기업은행","KOSPI","통과","가용","결측","0","2026-05-15","통과","미랭킹","","","기준일까지 매출·EPS가 함께 있는 DART 분기 공시 없음"
"42","003670","포스코퓨처엠","KOSPI","통과","가용","가용","4","2026-05-15","통과","랭킹 가능","150","0.37059331175836036","가격·DART·컴플라이언스 조건 모두 통과"
"43","298040","효성중공업","KOSPI","통과","가용","가용","3","2026-05-14","통과","랭킹 가능","52","0.6390882228788518","가격·DART·컴플라이언스 조건 모두 통과"
"44","066570","LG전자","KOSPI","통과","가용","가용","4","2026-07-06","통과","랭킹 가능","51","0.6392085561183809","가격·DART·컴플라이언스 조건 모두 통과"
"45","267250","HD현대","KOSPI","통과","가용","가용","4","2026-05-15","통과","랭킹 가능","62","0.6200042798180198","가격·DART·컴플라이언스 조건 모두 통과"
"46","247540","에코프로비엠","KOSDAQ","통과","가용","가용","4","2026-05-15","통과","랭킹 가능","162","0.3363046409643075","가격·DART·컴플라이언스 조건 모두 통과"
"47","352820","하이브","KOSPI","통과","가용","가용","4","2026-05-15","통과","랭킹 가능","187","0.25810064021387363","가격·DART·컴플라이언스 조건 모두 통과"
"48","010120","LS ELECTRIC","KOSPI","통과","가용","가용","3","2026-05-14","통과","랭킹 가능","19","0.7494449916357895","가격·DART·컴플라이언스 조건 모두 통과"
"49","086280","현대글로비스","KOSPI","통과","가용","불충분","1","2026-05-15","통과","미랭킹","","","YoY·QoQ 비교 가능 실적 지표가 3개 미만"
"50","018260","삼성에스디에스","KOSPI","통과","가용","가용","4","2026-05-15","통과","랭킹 가능","133","0.42709277238403454","가격·DART·컴플라이언스 조건 모두 통과"
"51","030200","KT","KOSPI","통과","가용","가용","4","2026-05-15","통과","랭킹 가능","134","0.42709162914497445","가격·DART·컴플라이언스 조건 모두 통과"
"52","006800","미래에셋증권","KOSPI","통과","가용","가용","4","2026-05-15","통과","랭킹 가능","17","0.7547509790816566","가격·DART·컴플라이언스 조건 모두 통과"
"53","000150","두산","KOSPI","통과","가용","가용","4","2026-05-15","통과","랭킹 가능","32","0.6908457037662399","가격·DART·컴플라이언스 조건 모두 통과"
"54","003550","LG","KOSPI","통과","가용","결측","0","2026-05-15","통과","미랭킹","","","기준일까지 매출·EPS가 함께 있는 DART 분기 공시 없음"
"55","086520","에코프로","KOSDAQ","통과","가용","가용","4","2026-05-15","통과","랭킹 가능","55","0.6348744782139675","가격·DART·컴플라이언스 조건 모두 통과"
"56","042700","한미반도체","KOSPI","통과","가용","가용","4","2026-05-15","통과","랭킹 가능","138","0.4140215632475025","가격·DART·컴플라이언스 조건 모두 통과"
"57","259960","크래프톤","KOSPI","통과","가용","가용","4","2026-05-15","통과","랭킹 가능","149","0.37348614628769755","가격·DART·컴플라이언스 조건 모두 통과"
"58","017670","SK텔레콤","KOSPI","통과","가용","가용","4","2026-05-15","통과","랭킹 가능","68","0.6063825277895033","가격·DART·컴플라이언스 조건 모두 통과"
"59","047810","한국항공우주","KOSPI","통과","가용","가용","4","2026-05-15","통과","랭킹 가능","103","0.5070121007457437","가격·DART·컴플라이언스 조건 모두 통과"
"60","298380","에이비엘바이오","KOSDAQ","통과","가용","불충분","1","2026-05-08","통과","미랭킹","","","YoY·QoQ 비교 가능 실적 지표가 3개 미만"
"61","323410","카카오뱅크","KOSPI","통과","가용","가용","4","2026-05-15","통과","랭킹 가능","116","0.4593207108015572","가격·DART·컴플라이언스 조건 모두 통과"
"62","272210","한화시스템","KOSPI","통과","가용","가용","4","2023-11-14","통과","랭킹 가능","118","0.456594349467661","가격·DART·컴플라이언스 조건 모두 통과"
"63","326030","SK바이오팜","KOSPI","통과","가용","가용","4","2026-05-15","통과","랭킹 가능","135","0.42372396932601664","가격·DART·컴플라이언스 조건 모두 통과"
"64","010950","S-Oil","KOSPI","통과","가용","가용","4","2026-05-15","통과","랭킹 가능","14","0.7689242706721073","가격·DART·컴플라이언스 조건 모두 통과"
"65","005830","DB손해보험","KOSPI","통과","가용","결측","0","2026-05-15","통과","미랭킹","","","기준일까지 매출·EPS가 함께 있는 DART 분기 공시 없음"
"66","003230","삼양식품","KOSPI","통과","가용","가용","4","2026-05-13","통과","랭킹 가능","108","0.4858275291965668","가격·DART·컴플라이언스 조건 모두 통과"
"67","079550","LIG넥스원","KOSPI","통과","가용","가용","4","2026-05-15","통과","랭킹 가능","46","0.6470179341963322","가격·DART·컴플라이언스 조건 모두 통과"
"68","277810","레인보우로보틱스","KOSDAQ","통과","가용","가용","4","2026-05-15","통과","랭킹 가능","143","0.39876269288494914","가격·DART·컴플라이언스 조건 모두 통과"
"69","307950","현대오토에버","KOSPI","통과","가용","가용","4","2026-05-15","통과","랭킹 가능","82","0.5721127350968529","가격·DART·컴플라이언스 조건 모두 통과"
"70","071050","한국금융지주","KOSPI","통과","가용","불충분","2","2025-11-14","통과","미랭킹","","","YoY·QoQ 비교 가능 실적 지표가 3개 미만"
"71","000100","유한양행","KOSPI","통과","가용","가용","4","2026-05-15","통과","랭킹 가능","192","0.23745025444397544","가격·DART·컴플라이언스 조건 모두 통과"
"72","007660","이수페타시스","KOSPI","통과","가용","가용","4","2026-05-15","통과","랭킹 가능","49","0.6417183176211247","가격·DART·컴플라이언스 조건 모두 통과"
"73","047050","포스코인터내셔널","KOSPI","통과","가용","가용","4","2025-11-14","통과","랭킹 가능","146","0.3790000175882932","가격·DART·컴플라이언스 조건 모두 통과"
"74","443060","HD현대마린솔루션","KOSPI","통과","가용","가용","4","2026-05-15","통과","랭킹 가능","86","0.5561927501055297","가격·DART·컴플라이언스 조건 모두 통과"
"75","278470","에이피알","KOSPI","통과","가용","가용","4","2026-05-15","통과","랭킹 가능","8","0.8157885711270578","가격·DART·컴플라이언스 조건 모두 통과"
"76","003490","대한항공","KOSPI","통과","가용","가용","4","2026-05-15","통과","랭킹 가능","115","0.459840738004784","가격·DART·컴플라이언스 조건 모두 통과"
"77","180640","한진칼","KOSPI","통과","가용","가용","4","2026-05-15","통과","랭킹 가능","98","0.5232938183012054","가격·DART·컴플라이언스 조건 모두 통과"
"78","000720","현대건설","KOSPI","통과","가용","가용","4","2026-05-15","통과","랭킹 가능","142","0.4020733080061911","가격·DART·컴플라이언스 조건 모두 통과"
"79","039490","키움증권","KOSPI","통과","가용","가용","4","2026-05-13","통과","랭킹 가능","36","0.6736295788190048","가격·DART·컴플라이언스 조건 모두 통과"
"80","005940","NH투자증권","KOSPI","통과","가용","결측","0","2026-05-14","통과","미랭킹","","","기준일까지 매출·EPS가 함께 있는 DART 분기 공시 없음"
"81","005387","현대차2우B","KOSPI","제외","미평가","미평가","","","미평가","미랭킹","","","우선주"
"82","161390","한국타이어앤테크놀로지","KOSPI","통과","가용","결측","0","2026-05-15","통과","미랭킹","","","기준일까지 매출·EPS가 함께 있는 DART 분기 공시 없음"
"83","090430","아모레퍼시픽","KOSPI","통과","가용","가용","4","2026-05-15","통과","랭킹 가능","117","0.45700667768866376","가격·DART·컴플라이언스 조건 모두 통과"
"84","016360","삼성증권","KOSPI","통과","가용","결측","0","2026-05-15","통과","미랭킹","","","기준일까지 매출·EPS가 함께 있는 DART 분기 공시 없음"
"85","028300","HLB","KOSDAQ","통과","가용","가용","4","2026-05-15","통과","랭킹 가능","205","0.147109510576427","가격·DART·컴플라이언스 조건 모두 통과"
"86","377300","카카오페이","KOSPI","통과","가용","가용","4","2026-05-14","통과","랭킹 가능","125","0.44552782467989305","가격·DART·컴플라이언스 조건 모두 통과"
"87","950160","코오롱티슈진","KOSDAQ","통과","가용","가용","4","2026-05-15","통과","랭킹 가능","75","0.5848255827587824","가격·DART·컴플라이언스 조건 모두 통과"
"88","029780","삼성카드","KOSPI","통과","가용","가용","4","2025-05-15","통과","랭킹 가능","158","0.34035630950705875","가격·DART·컴플라이언스 조건 모두 통과"
"89","011070","LG이노텍","KOSPI","통과","가용","가용","4","2026-05-14","통과","랭킹 가능","22","0.7370437303597392","가격·DART·컴플라이언스 조건 모두 통과"
"90","141080","리가켐바이오","KOSDAQ","통과","가용","가용","4","2026-05-15","통과","랭킹 가능","195","0.2314699709206885","가격·DART·컴플라이언스 조건 모두 통과"
"91","006260","LS","KOSPI","통과","가용","가용","4","2026-03-18","통과","랭킹 가능","30","0.696619647296093","가격·DART·컴플라이언스 조건 모두 통과"
"92","032640","LG유플러스","KOSPI","통과","가용","가용","4","2026-05-15","통과","랭킹 가능","122","0.44877233713240466","가격·DART·컴플라이언스 조건 모두 통과"
"93","021240","코웨이","KOSPI","통과","가용","가용","4","2026-05-15","통과","랭킹 가능","85","0.5632114171474134","가격·DART·컴플라이언스 조건 모두 통과"
"94","000880","한화","KOSPI","통과","가용","가용","4","2026-05-29","통과","랭킹 가능","93","0.5372775080906149","가격·DART·컴플라이언스 조건 모두 통과"
"95","064400","LG씨엔에스","KOSPI","통과","가용","가용","4","2026-05-15","통과","랭킹 가능","141","0.40670670934759157","가격·DART·컴플라이언스 조건 모두 통과"
"96","087010","펩트론","KOSDAQ","통과","가용","가용","4","2026-05-15","통과","랭킹 가능","179","0.27380686881478355","가격·DART·컴플라이언스 조건 모두 통과"
"97","034220","LG디스플레이","KOSPI","통과","가용","가용","4","2026-05-15","통과","랭킹 가능","185","0.26029111556681206","가격·DART·컴플라이언스 조건 모두 통과"
"98","128940","한미약품","KOSPI","통과","가용","가용","4","2026-05-15","통과","랭킹 가능","152","0.36202467637540453","가격·DART·컴플라이언스 조건 모두 통과"
"99","241560","두산밥캣","KOSPI","통과","가용","가용","4","2026-05-14","통과","랭킹 가능","124","0.44640290089583046","가격·DART·컴플라이언스 조건 모두 통과"
"100","000250","삼천당제약","KOSDAQ","통과","가용","가용","4","2026-06-02","통과","랭킹 가능","131","0.4292841857792786","가격·DART·컴플라이언스 조건 모두 통과"
"101","088980","맥쿼리인프라","KOSPI","통과","가용","결측","0","","통과","미랭킹","","","DART 분기 패널 없음"
"102","078930","GS","KOSPI","통과","가용","가용","4","2026-05-15","통과","랭킹 가능","15","0.7672075653111955","가격·DART·컴플라이언스 조건 모두 통과"
"103","454910","두산로보틱스","KOSPI","통과","가용","가용","4","2026-05-15","통과","랭킹 가능","106","0.4919235730031425","가격·DART·컴플라이언스 조건 모두 통과"
"104","001040","CJ","KOSPI","통과","가용","가용","4","2026-05-15","통과","랭킹 가능","169","0.31276080507480886","가격·DART·컴플라이언스 조건 모두 통과"
"105","138930","BNK금융지주","KOSPI","통과","가용","결측","0","2026-05-15","통과","미랭킹","","","기준일까지 매출·EPS가 함께 있는 DART 분기 공시 없음"
"106","175330","JB금융지주","KOSPI","통과","가용","결측","0","2026-05-15","통과","미랭킹","","","기준일까지 매출·EPS가 함께 있는 DART 분기 공시 없음"
"107","005385","현대차우","KOSPI","제외","미평가","미평가","","","미평가","미랭킹","","","우선주"
"108","028050","삼성E&A","KOSPI","통과","가용","가용","4","2026-05-15","통과","랭킹 가능","87","0.5533826978096712","가격·DART·컴플라이언스 조건 모두 통과"
"109","009830","한화솔루션","KOSPI","통과","가용","결측","0","2026-05-14","통과","미랭킹","","","기준일까지 매출·EPS가 함께 있는 DART 분기 공시 없음"
"110","058470","리노공업","KOSDAQ","통과","가용","가용","4","2026-05-14","통과","랭킹 가능","101","0.5116255980019699","가격·DART·컴플라이언스 조건 모두 통과"
"111","022100","포스코DX","KOSPI","통과","가용","가용","4","2026-05-15","통과","랭킹 가능","204","0.1917412703437925","가격·DART·컴플라이언스 조건 모두 통과"
"112","036570","엔씨소프트","KOSPI","통과","가용","가용","4","2026-05-15","통과","랭킹 가능","16","0.7563390553913982","가격·DART·컴플라이언스 조건 모두 통과"
"113","001440","대한전선","KOSPI","통과","가용","가용","4","2026-05-15","통과","랭킹 가능","90","0.5496662328221003","가격·DART·컴플라이언스 조건 모두 통과"
"114","214450","파마리서치","KOSDAQ","통과","가용","가용","4","2026-05-15","통과","랭킹 가능","123","0.4465748850898176","가격·DART·컴플라이언스 조건 모두 통과"
"115","271560","오리온","KOSPI","통과","가용","가용","4","2026-05-15","통과","랭킹 가능","74","0.5872896440129449","가격·DART·컴플라이언스 조건 모두 통과"
"116","251270","넷마블","KOSPI","통과","가용","가용","4","2026-05-14","통과","랭킹 가능","165","0.3219987629567093","가격·DART·컴플라이언스 조건 모두 통과"
"117","004020","현대제철","KOSPI","통과","가용","가용","4","2026-05-15","통과","랭킹 가능","186","0.2598617853290183","가격·DART·컴플라이언스 조건 모두 통과"
"118","035250","강원랜드","KOSPI","통과","가용","불충분","2","2026-05-15","통과","미랭킹","","","YoY·QoQ 비교 가능 실적 지표가 3개 미만"
"119","310210","보로노이","KOSDAQ","통과","가용","가용","3","2026-05-15","통과","랭킹 가능","206","0.13376811594202898","가격·DART·컴플라이언스 조건 모두 통과"
"120","347850","디앤디파마텍","KOSDAQ","통과","가용","가용","4","2026-05-15","통과","랭킹 가능","100","0.5166425120772946","가격·DART·컴플라이언스 조건 모두 통과"
"121","062040","산일전기","KOSPI","통과","가용","가용","4","2026-05-15","통과","랭킹 가능","25","0.7255632650907555","가격·DART·컴플라이언스 조건 모두 통과"
"122","051900","LG생활건강","KOSPI","통과","가용","가용","4","2026-05-15","통과","랭킹 가능","140","0.4073952323999812","가격·DART·컴플라이언스 조건 모두 통과"
"123","011790","SKC","KOSPI","통과","가용","가용","3","2021-04-23","통과","랭킹 가능","188","0.2555813517189625","가격·DART·컴플라이언스 조건 모두 통과"
"124","214370","케어젠","KOSDAQ","통과","가용","가용","4","2026-05-13","통과","랭킹 가능","41","0.6629515501149101","가격·DART·컴플라이언스 조건 모두 통과"
"125","066970","엘앤에프","KOSPI","통과","가용","가용","4","2026-05-15","통과","랭킹 가능","35","0.674481555743164","가격·DART·컴플라이언스 조건 모두 통과"
"126","108490","로보티즈","KOSDAQ","통과","가용","가용","4","2026-07-08","통과","랭킹 가능","5","0.8467884069696543","가격·DART·컴플라이언스 조건 모두 통과"
"127","302440","SK바이오사이언스","KOSPI","통과","가용","가용","4","2026-05-13","통과","랭킹 가능","200","0.22407963392899022","가격·DART·컴플라이언스 조건 모두 통과"
"128","030530","원익홀딩스","KOSDAQ","통과","가용","가용","4","2026-05-15","통과","랭킹 가능","137","0.4144742859152948","가격·DART·컴플라이언스 조건 모두 통과"
"129","002380","KCC","KOSPI","통과","가용","가용","4","2026-05-15","통과","랭킹 가능","89","0.550801234698185","가격·DART·컴플라이언스 조건 모두 통과"
"130","0009K0","에임드바이오","KOSDAQ","제외","미평가","미평가","","","미평가","미랭킹","","","유효한 6자리 종목코드가 아님"
"131","450080","에코프로머티","KOSPI","통과","가용","가용","4","2026-05-15","통과","랭킹 가능","132","0.42867677407251065","가격·DART·컴플라이언스 조건 모두 통과"
"132","036460","한국가스공사","KOSPI","통과","가용","가용","4","2026-05-15","통과","랭킹 가능","129","0.43376005464096434","가격·DART·컴플라이언스 조건 모두 통과"
"133","111770","영원무역","KOSPI","통과","가용","가용","4","2026-05-14","통과","랭킹 가능","96","0.5275576309741569","가격·DART·컴플라이언스 조건 모두 통과"
"134","082740","한화엔진","KOSPI","통과","가용","가용","4","2026-05-14","통과","랭킹 가능","79","0.5782859035692509","가격·DART·컴플라이언스 조건 모두 통과"
"135","214150","클래시스","KOSDAQ","통과","가용","가용","4","2026-05-15","통과","랭킹 가능","176","0.288875756296609","가격·DART·컴플라이언스 조건 모두 통과"
"136","031210","서울보증보험","KOSPI","통과","가용","결측","0","2026-05-15","통과","미랭킹","","","기준일까지 매출·EPS가 함께 있는 DART 분기 공시 없음"
"137","017800","현대엘리베이터","KOSPI","통과","가용","가용","4","2026-05-15","통과","랭킹 가능","193","0.23444259767365508","가격·DART·컴플라이언스 조건 모두 통과"
"138","052690","한전기술","KOSPI","통과","가용","가용","4","2026-05-15","통과","랭킹 가능","189","0.2548827153979645","가격·DART·컴플라이언스 조건 모두 통과"
"139","039030","이오테크닉스","KOSDAQ","통과","가용","가용","4","2024-11-14","통과","랭킹 가능","76","0.5824600452605413","가격·DART·컴플라이언스 조건 모두 통과"
"140","240810","원익IPS","KOSDAQ","통과","가용","가용","4","2026-05-15","통과","랭킹 가능","24","0.7333640249050233","가격·DART·컴플라이언스 조건 모두 통과"
"141","011780","금호석유화학","KOSPI","통과","가용","가용","4","2026-05-15","통과","랭킹 가능","109","0.4853480430092397","가격·DART·컴플라이언스 조건 모두 통과"
"142","097950","CJ제일제당","KOSPI","통과","가용","가용","4","2026-05-15","통과","랭킹 가능","113","0.46998751231180524","가격·DART·컴플라이언스 조건 모두 통과"
"143","041510","에스엠","KOSDAQ","통과","가용","가용","4","2026-05-15","통과","랭킹 가능","203","0.1989035751137376","가격·DART·컴플라이언스 조건 모두 통과"
"144","071970","HD현대마린엔진","KOSPI","통과","가용","가용","4","2023-11-14","통과","랭킹 가능","180","0.27320124525116085","가격·DART·컴플라이언스 조건 모두 통과"
"145","011170","롯데케미칼","KOSPI","통과","가용","가용","4","2025-11-14","통과","랭킹 가능","151","0.36304456287228554","가격·DART·컴플라이언스 조건 모두 통과"
"146","103140","풍산","KOSPI","통과","가용","결측","0","2026-05-15","통과","미랭킹","","","기준일까지 매출·EPS가 함께 있는 DART 분기 공시 없음"
"147","000990","DB하이텍","KOSPI","통과","가용","가용","4","2026-06-01","통과","랭킹 가능","29","0.7001056470146804","가격·DART·컴플라이언스 조건 모두 통과"
"148","145020","휴젤","KOSDAQ","통과","가용","가용","4","2026-05-15","통과","랭킹 가능","136","0.42161920758876226","가격·DART·컴플라이언스 조건 모두 통과"
"149","226950","올릭스","KOSDAQ","통과","가용","가용","4","2026-05-15","통과","랭킹 가능","45","0.6559632521926739","가격·DART·컴플라이언스 조건 모두 통과"
"150","088350","한화생명","KOSPI","통과","가용","불충분","1","2024-04-30","통과","미랭킹","","","YoY·QoQ 비교 가능 실적 지표가 3개 미만"
"151","403870","HPSP","KOSDAQ","통과","가용","가용","4","2026-05-15","통과","랭킹 가능","121","0.45146314080015004","가격·DART·컴플라이언스 조건 모두 통과"
"152","004990","롯데지주","KOSPI","통과","가용","가용","4","2026-05-15","통과","랭킹 가능","148","0.3780902338070447","가격·DART·컴플라이언스 조건 모두 통과"
"153","204320","HL만도","KOSPI","통과","가용","가용","4","2026-05-15","통과","랭킹 가능","99","0.5212631032784578","가격·DART·컴플라이언스 조건 모두 통과"
"154","001450","현대해상","KOSPI","통과","가용","결측","0","2026-05-15","통과","미랭킹","","","기준일까지 매출·EPS가 함께 있는 DART 분기 공시 없음"
"155","012750","에스원","KOSPI","통과","가용","가용","4","2026-05-15","통과","랭킹 가능","177","0.28784006964964115","가격·DART·컴플라이언스 조건 모두 통과"
"156","140410","메지온","KOSDAQ","통과","가용","가용","4","2026-05-15","통과","랭킹 가능","174","0.2987385089817551","가격·DART·컴플라이언스 조건 모두 통과"
"157","026960","동서","KOSPI","통과","가용","가용","4","2026-05-14","통과","랭킹 가능","127","0.43916300243891","가격·DART·컴플라이언스 조건 모두 통과"
"158","004370","농심","KOSPI","통과","가용","가용","4","2026-05-15","통과","랭킹 가능","126","0.44273832137329394","가격·DART·컴플라이언스 조건 모두 통과"
"159","383220","F&F","KOSPI","통과","가용","가용","4","2026-05-15","통과","랭킹 가능","67","0.6097190270156184","가격·DART·컴플라이언스 조건 모두 통과"
"160","042670","HD현대인프라코어","KOSPI","통과","결측: 신호일 종가 없음","가용","4","2025-11-14","통과","미랭킹","","","결측: 신호일 종가 없음"
"161","012510","더존비즈온","KOSPI","통과","가용","가용","4","2026-05-15","통과","랭킹 가능","65","0.6105195288682519","가격·DART·컴플라이언스 조건 모두 통과"
"162","103590","일진전기","KOSPI","통과","가용","가용","4","2026-05-15","통과","랭킹 가능","107","0.48600250340040335","가격·DART·컴플라이언스 조건 모두 통과"
"163","009970","영원무역홀딩스","KOSPI","통과","가용","가용","3","2024-05-16","통과","랭킹 가능","155","0.3519104794959586","가격·DART·컴플라이언스 조건 모두 통과"
"164","439260","대한조선","KOSPI","통과","결측: 273거래일 미만","불충분","2","2026-05-15","통과","미랭킹","","","결측: 273거래일 미만"
"165","035900","JYP Ent.","KOSDAQ","통과","가용","가용","4","2026-05-15","통과","랭킹 가능","196","0.2286871804793396","가격·DART·컴플라이언스 조건 모두 통과"
"166","014680","한솔케미칼","KOSPI","통과","가용","가용","4","2026-05-15","통과","랭킹 가능","64","0.6118329053515313","가격·DART·컴플라이언스 조건 모두 통과"
"167","081660","미스토홀딩스","KOSPI","통과","가용","가용","4","2026-05-15","통과","랭킹 가능","42","0.6625303398058253","가격·DART·컴플라이언스 조건 모두 통과"
"168","475830","오름테라퓨틱","KOSDAQ","통과","가용","결측","0","","통과","미랭킹","","","DART 분기 패널 없음"
"169","068760","셀트리온제약","KOSDAQ","통과","가용","가용","4","2026-05-15","통과","랭킹 가능","197","0.2282704844988509","가격·DART·컴플라이언스 조건 모두 통과"
"170","139130","iM금융지주","KOSPI","통과","가용","결측","0","2026-05-15","통과","미랭킹","","","기준일까지 매출·EPS가 함께 있는 DART 분기 공시 없음"
"171","000240","한국앤컴퍼니","KOSPI","통과","가용","결측","0","2026-05-15","통과","미랭킹","","","기준일까지 매출·EPS가 함께 있는 DART 분기 공시 없음"
"172","008930","한미사이언스","KOSPI","통과","가용","가용","4","2026-05-15","통과","랭킹 가능","157","0.3434558651095164","가격·DART·컴플라이언스 조건 모두 통과"
"173","237690","에스티팜","KOSDAQ","통과","가용","가용","4","2026-06-02","통과","랭킹 가능","33","0.6854131196941982","가격·DART·컴플라이언스 조건 모두 통과"
"174","030000","제일기획","KOSPI","통과","가용","가용","4","2026-05-15","통과","랭킹 가능","166","0.32014469302565546","가격·DART·컴플라이언스 조건 모두 통과"
"175","263750","펄어비스","KOSDAQ","통과","가용","가용","4","2026-03-19","통과","랭킹 가능","208","0.12230573730125228","가격·DART·컴플라이언스 조건 모두 통과"
"176","004170","신세계","KOSPI","통과","가용","가용","4","2026-05-15","통과","랭킹 가능","12","0.7903410956334131","가격·DART·컴플라이언스 조건 모두 통과"
"177","257720","실리콘투","KOSDAQ","통과","가용","가용","4","2026-05-15","통과","랭킹 가능","128","0.43579361310445097","가격·DART·컴플라이언스 조건 모두 통과"
"178","095340","ISC","KOSDAQ","통과","가용","가용","4","2026-05-15","통과","랭킹 가능","28","0.7066432156090239","가격·DART·컴플라이언스 조건 모두 통과"
"179","353200","대덕전자","KOSPI","통과","가용","불충분","2","2021-05-14","통과","미랭킹","","","YoY·QoQ 비교 가능 실적 지표가 3개 미만"
"180","009420","한올바이오파마","KOSPI","통과","가용","가용","4","2026-05-15","통과","랭킹 가능","13","0.7762711352657005","가격·DART·컴플라이언스 조건 모두 통과"
"181","489790","한화비전","KOSPI","통과","가용","가용","4","2026-05-13","통과","랭킹 가능","207","0.12415142347919891","가격·DART·컴플라이언스 조건 모두 통과"
"182","003690","코리안리","KOSPI","통과","가용","결측","0","2026-05-29","통과","미랭킹","","","기준일까지 매출·EPS가 함께 있는 DART 분기 공시 없음"
"183","139480","이마트","KOSPI","통과","가용","가용","4","2026-05-14","통과","랭킹 가능","139","0.4105037287181652","가격·DART·컴플라이언스 조건 모두 통과"
"184","051600","한전KPS","KOSPI","통과","가용","가용","4","2026-05-15","통과","랭킹 가능","159","0.33964304558885605","가격·DART·컴플라이언스 조건 모두 통과"
"185","476830","알지노믹스","KOSDAQ","통과","결측: 273거래일 미만","결측","0","","통과","미랭킹","","","결측: 273거래일 미만"
"186","001720","신영증권","KOSPI","통과","가용","불충분","1","2026-04-09","통과","미랭킹","","","YoY·QoQ 비교 가능 실적 지표가 3개 미만"
"187","000120","CJ대한통운","KOSPI","통과","가용","가용","4","2026-05-15","통과","랭킹 가능","199","0.22483543220299237","가격·DART·컴플라이언스 조건 모두 통과"
"188","010060","OCI홀딩스","KOSPI","통과","가용","가용","4","2026-05-14","통과","랭킹 가능","37","0.671978301908916","가격·DART·컴플라이언스 조건 모두 통과"
"189","002790","아모레퍼시픽홀딩스","KOSPI","통과","가용","가용","4","2026-05-15","통과","랭킹 가능","154","0.3592416807373013","가격·DART·컴플라이언스 조건 모두 통과"
"190","462870","시프트업","KOSPI","통과","가용","가용","4","2026-05-14","통과","랭킹 가능","156","0.34845349068993015","가격·DART·컴플라이언스 조건 모두 통과"
"191","319400","현대무벡스","KOSDAQ","통과","가용","가용","4","2026-05-15","통과","랭킹 가능","105","0.49799830566108527","가격·DART·컴플라이언스 조건 모두 통과"
"192","018670","SK가스","KOSPI","통과","가용","가용","4","2026-05-15","통과","랭킹 가능","47","0.6452890342854463","가격·DART·컴플라이언스 조건 모두 통과"
"193","011210","현대위아","KOSPI","통과","가용","불충분","1","2017-03-31","통과","미랭킹","","","YoY·QoQ 비교 가능 실적 지표가 3개 미만"
"194","028670","팬오션","KOSPI","통과","가용","가용","4","2026-05-14","통과","랭킹 가능","54","0.6365981895783499","가격·DART·컴플라이언스 조건 모두 통과"
"195","023530","롯데쇼핑","KOSPI","통과","가용","가용","4","2026-05-15","통과","랭킹 가능","21","0.7385934055625909","가격·DART·컴플라이언스 조건 모두 통과"
"196","361610","SK아이이테크놀로지","KOSPI","통과","가용","결측","0","","통과","미랭킹","","","DART 분기 패널 없음"
"197","357780","솔브레인","KOSDAQ","통과","가용","가용","4","2026-05-15","통과","랭킹 가능","39","0.6684617865015712","가격·DART·컴플라이언스 조건 모두 통과"
"198","018880","한온시스템","KOSPI","통과","가용","가용","3","2026-05-14","통과","랭킹 가능","88","0.5510177759016932","가격·DART·컴플라이언스 조건 모두 통과"
"199","069960","현대백화점","KOSPI","통과","가용","가용","4","2026-05-15","통과","랭킹 가능","63","0.6132204751184278","가격·DART·컴플라이언스 조건 모두 통과"
"200","445680","큐리옥스바이오시스템즈","KOSDAQ","통과","가용","결측","0","","통과","미랭킹","","","DART 분기 패널 없음"
"201","069620","대웅제약","KOSPI","통과","가용","결측","0","2026-05-15","통과","미랭킹","","","기준일까지 매출·EPS가 함께 있는 DART 분기 공시 없음"
"202","005850","에스엘","KOSPI","통과","가용","가용","4","2026-05-15","통과","랭킹 가능","56","0.6340752075418601","가격·DART·컴플라이언스 조건 모두 통과"
"203","004800","효성","KOSPI","통과","가용","가용","3","2024-05-21","통과","랭킹 가능","61","0.6202413895533355","가격·DART·컴플라이언스 조건 모두 통과"
"204","097230","HJ중공업","KOSPI","통과","가용","가용","3","2026-05-15","통과","랭킹 가능","73","0.5908181292309617","가격·DART·컴플라이언스 조건 모두 통과"
"205","336260","두산퓨얼셀","KOSPI","통과","가용","가용","4","2026-05-14","통과","랭킹 가능","23","0.7351862893391492","가격·DART·컴플라이언스 조건 모두 통과"
"206","005290","동진쎄미켐","KOSDAQ","통과","가용","가용","4","2026-05-15","통과","랭킹 가능","77","0.579929148492097","가격·DART·컴플라이언스 조건 모두 통과"
"207","000155","두산우","KOSPI","제외","미평가","미평가","","","미평가","미랭킹","","","우선주"
"208","006280","녹십자","KOSPI","통과","가용","가용","4","2026-05-15","통과","랭킹 가능","163","0.3296636238919375","가격·DART·컴플라이언스 조건 모두 통과"
"209","192820","코스맥스","KOSPI","통과","가용","가용","4","2026-05-14","통과","랭킹 가능","104","0.5004177512780826","가격·DART·컴플라이언스 조건 모두 통과"
"210","006040","동원산업","KOSPI","통과","가용","가용","4","2023-05-15","통과","랭킹 가능","153","0.36117451690821256","가격·DART·컴플라이언스 조건 모두 통과"
"211","032350","롯데관광개발","KOSPI","통과","가용","가용","4","2026-05-14","통과","랭킹 가능","182","0.2628181429107453","가격·DART·컴플라이언스 조건 모두 통과"
"212","222800","심텍","KOSDAQ","통과","가용","가용","4","2026-05-14","통과","랭킹 가능","4","0.867744447962103","가격·DART·컴플라이언스 조건 모두 통과"
"213","160190","하이젠알앤엠","KOSDAQ","통과","가용","결측","0","","통과","미랭킹","","","DART 분기 패널 없음"
"214","483650","달바글로벌","KOSPI","통과","가용","가용","4","2026-05-13","통과","랭킹 가능","38","0.6709770003752169","가격·DART·컴플라이언스 조건 모두 통과"
"215","282330","BGF리테일","KOSPI","통과","가용","가용","4","2026-05-15","통과","랭킹 가능","112","0.47389721401435203","가격·DART·컴플라이언스 조건 모두 통과"
"216","058610","에스피지","KOSDAQ","통과","가용","결측","0","","통과","미랭킹","","","DART 분기 패널 없음"
"217","001430","세아베스틸지주","KOSPI","통과","가용","가용","4","2026-05-15","통과","랭킹 가능","144","0.39566255100605036","가격·DART·컴플라이언스 조건 모두 통과"
"218","457190","이수스페셜티케미컬","KOSPI","통과","가용","가용","4","2026-05-15","통과","랭킹 가능","145","0.3936899652924347","가격·DART·컴플라이언스 조건 모두 통과"
"219","112610","씨에스윈드","KOSPI","통과","가용","가용","4","2026-05-15","통과","랭킹 가능","194","0.23399688100933352","가격·DART·컴플라이언스 조건 모두 통과"
"220","008770","호텔신라","KOSPI","통과","가용","불충분","2","2025-11-14","통과","미랭킹","","","YoY·QoQ 비교 가능 실적 지표가 3개 미만"
"221","437730","삼현","KOSDAQ","통과","가용","결측","0","","통과","미랭킹","","","DART 분기 패널 없음"
"222","023590","다우기술","KOSPI","통과","가용","가용","4","2026-05-15","통과","랭킹 가능","80","0.5756737488860748","가격·DART·컴플라이언스 조건 모두 통과"
"223","039200","오스코텍","KOSDAQ","통과","가용","결측","0","","통과","미랭킹","","","DART 분기 패널 없음"
"224","084370","유진테크","KOSDAQ","통과","가용","가용","4","2026-05-13","통과","랭킹 가능","11","0.7928554300923971","가격·DART·컴플라이언스 조건 모두 통과"
"225","395400","SK리츠","KOSPI","제외","미평가","미평가","","","미평가","미랭킹","","","ETF·ETN·SPAC·리츠 등 비보통주 상품"
"226","067310","하나마이크론","KOSDAQ","통과","가용","가용","4","2026-05-14","통과","랭킹 가능","2","0.9081049200318934","가격·DART·컴플라이언스 조건 모두 통과"
"227","267270","HD현대건설기계","KOSPI","통과","가용","가용","4","2026-06-02","통과","랭킹 가능","81","0.5723609645420008","가격·DART·컴플라이언스 조건 모두 통과"
"228","089030","테크윙","KOSDAQ","통과","가용","결측","0","","통과","미랭킹","","","DART 분기 패널 없음"
"229","006360","GS건설","KOSPI","통과","가용","가용","4","2026-07-01","통과","랭킹 가능","78","0.5784244700060973","가격·DART·컴플라이언스 조건 모두 통과"
"230","073240","금호타이어","KOSPI","통과","가용","가용","4","2026-05-14","통과","랭킹 가능","97","0.5256641925800853","가격·DART·컴플라이언스 조건 모두 통과"
"231","007070","GS리테일","KOSPI","통과","가용","가용","4","2022-05-16","통과","랭킹 가능","48","0.6418891585760518","가격·DART·컴플라이언스 조건 모두 통과"
"232","085620","미래에셋생명","KOSPI","통과","가용","결측","0","2026-05-29","통과","미랭킹","","","기준일까지 매출·EPS가 함께 있는 DART 분기 공시 없음"
"233","064760","티씨케이","KOSDAQ","통과","가용","가용","4","2026-05-15","통과","랭킹 가능","18","0.7502258629989212","가격·DART·컴플라이언스 조건 모두 통과"
"234","458870","씨어스테크놀로지","KOSDAQ","통과","가용","결측","0","","통과","미랭킹","","","DART 분기 패널 없음"
"235","020560","아시아나항공","KOSPI","통과","가용","가용","4","2026-05-14","통과","랭킹 가능","181","0.26789473992777074","가격·DART·컴플라이언스 조건 모두 통과"
"236","083650","비에이치아이","KOSDAQ","통과","가용","결측","0","","통과","미랭킹","","","DART 분기 패널 없음"
"237","020150","롯데에너지머티리얼즈","KOSPI","통과","가용","가용","4","2026-05-15","통과","랭킹 가능","92","0.5460732376530182","가격·DART·컴플라이언스 조건 모두 통과"
"238","375500","DL이앤씨","KOSPI","통과","가용","불충분","2","2024-08-14","통과","미랭킹","","","YoY·QoQ 비교 가능 실적 지표가 3개 미만"
"239","047040","대우건설","KOSPI","통과","가용","가용","4","2026-05-15","통과","랭킹 가능","9","0.8082404671450683","가격·DART·컴플라이언스 조건 모두 통과"
"240","466100","클로봇","KOSDAQ","통과","가용","결측","0","","통과","미랭킹","","","DART 분기 패널 없음"
"241","098460","고영","KOSDAQ","통과","가용","가용","4","2026-05-15","통과","랭킹 가능","26","0.7227288236949487","가격·DART·컴플라이언스 조건 모두 통과"
"242","060370","LS마린솔루션","KOSDAQ","통과","가용","결측","0","","통과","미랭킹","","","DART 분기 패널 없음"
"243","065350","신성델타테크","KOSDAQ","통과","가용","결측","0","","통과","미랭킹","","","DART 분기 패널 없음"
"244","003570","SNT다이내믹스","KOSPI","통과","가용","가용","4","2026-05-12","통과","랭킹 가능","173","0.29990030369119647","가격·DART·컴플라이언스 조건 모두 통과"
"245","017960","한국카본","KOSPI","통과","가용","결측","0","","통과","미랭킹","","","DART 분기 패널 없음"
"246","007310","오뚜기","KOSPI","통과","가용","가용","4","2026-05-15","통과","랭킹 가능","147","0.378910346606632","가격·DART·컴플라이언스 조건 모두 통과"
"247","00680K","미래에셋증권2우B","KOSPI","제외","미평가","미평가","","","미평가","미랭킹","","","유효한 6자리 종목코드가 아님"
"248","034230","파라다이스","KOSPI","통과","가용","가용","4","2026-05-15","통과","랭킹 가능","191","0.24173634562168755","가격·DART·컴플라이언스 조건 모두 통과"
"249","290650","엘앤씨바이오","KOSDAQ","통과","가용","가용","4","2024-11-14","통과","랭킹 가능","95","0.5278728131888748","가격·DART·컴플라이언스 조건 모두 통과"
"250","161890","한국콜마","KOSPI","통과","가용","가용","4","2026-05-14","통과","랭킹 가능","20","0.7409264926598189","가격·DART·컴플라이언스 조건 모두 통과"
"251","140860","파크시스템스","KOSDAQ","통과","가용","가용","4","2026-05-14","통과","랭킹 가능","167","0.3200869447962103","가격·DART·컴플라이언스 조건 모두 통과"
"252","294870","HDC현대산업개발","KOSPI","통과","가용","결측","0","","통과","미랭킹","","","DART 분기 패널 없음"
"253","007340","DN오토모티브","KOSPI","통과","가용","가용","4","2026-05-15","통과","랭킹 가능","43","0.6598864382533652","가격·DART·컴플라이언스 조건 모두 통과"
"254","035760","CJ ENM","KOSDAQ","통과","가용","가용","4","2026-05-15","통과","랭킹 가능","171","0.3047712642465175","가격·DART·컴플라이언스 조건 모두 통과"
"255","178320","서진시스템","KOSDAQ","통과","가용","가용","4","2026-06-25","통과","랭킹 가능","119","0.45317840978378127","가격·DART·컴플라이언스 조건 모두 통과"
"256","005070","코스모신소재","KOSPI","통과","가용","결측","0","","통과","미랭킹","","","DART 분기 패널 없음"
"257","007390","네이처셀","KOSDAQ","통과","가용","결측","0","","통과","미랭킹","","","DART 분기 패널 없음"
"258","195940","HK이노엔","KOSDAQ","통과","가용","결측","0","","통과","미랭킹","","","DART 분기 패널 없음"
"259","003540","대신증권","KOSPI","통과","가용","가용","4","2026-05-14","통과","랭킹 가능","60","0.6206620233572534","가격·DART·컴플라이언스 조건 모두 통과"
"260","348370","엔켐","KOSDAQ","통과","가용","결측","0","","통과","미랭킹","","","DART 분기 패널 없음"
"261","077970","STX엔진","KOSPI","통과","가용","결측","0","","통과","미랭킹","","","DART 분기 패널 없음"
"262","000500","가온전선","KOSPI","통과","가용","가용","4","2026-05-15","통과","랭킹 가능","3","0.8741938698935322","가격·DART·컴플라이언스 조건 모두 통과"
"263","323280","태성","KOSDAQ","통과","가용","결측","0","","통과","미랭킹","","","DART 분기 패널 없음"
"264","293490","카카오게임즈","KOSDAQ","통과","가용","결측","0","","통과","미랭킹","","","DART 분기 패널 없음"
"265","300720","한일시멘트","KOSPI","통과","가용","결측","0","","통과","미랭킹","","","DART 분기 패널 없음"
"266","036930","주성엔지니어링","KOSDAQ","통과","가용","가용","4","2026-05-14","통과","랭킹 가능","44","0.6589248569485484","가격·DART·컴플라이언스 조건 모두 통과"
"267","484870","엠앤씨솔루션","KOSPI","통과","가용","결측","0","","통과","미랭킹","","","DART 분기 패널 없음"
"268","122870","와이지엔터테인먼트","KOSDAQ","통과","가용","가용","4","2026-05-15","통과","랭킹 가능","201","0.21594405163922895","가격·DART·컴플라이언스 조건 모두 통과"
"269","005440","현대지에프홀딩스","KOSPI","통과","가용","가용","4","2026-05-15","통과","랭킹 가능","66","0.6098506753904601","가격·DART·컴플라이언스 조건 모두 통과"
"270","001800","오리온홀딩스","KOSPI","통과","가용","가용","4","2026-05-15","통과","랭킹 가능","31","0.6926951421134093","가격·DART·컴플라이언스 조건 모두 통과"
"271","000080","하이트진로","KOSPI","통과","가용","가용","4","2026-05-15","통과","랭킹 가능","170","0.3109694080953051","가격·DART·컴플라이언스 조건 모두 통과"
"272","005300","롯데칠성","KOSPI","통과","가용","가용","4","2026-05-14","통과","랭킹 가능","111","0.47589946531588573","가격·DART·컴플라이언스 조건 모두 통과"
"273","253450","스튜디오드래곤","KOSDAQ","통과","가용","결측","0","","통과","미랭킹","","","DART 분기 패널 없음"
"274","003090","대웅","KOSPI","통과","가용","불충분","1","2021-11-15","통과","미랭킹","","","YoY·QoQ 비교 가능 실적 지표가 3개 미만"
"275","051915","LG화학우","KOSPI","제외","미평가","미평가","","","미평가","미랭킹","","","우선주"
"276","491000","리브스메드","KOSDAQ","통과","결측: 273거래일 미만","결측","0","","통과","미랭킹","","","결측: 273거래일 미만"
"277","397030","에이프릴바이오","KOSDAQ","통과","가용","결측","0","","통과","미랭킹","","","DART 분기 패널 없음"
"278","100090","SK오션플랜트","KOSPI","통과","가용","결측","0","","통과","미랭킹","","","DART 분기 패널 없음"
"279","001120","LX인터내셔널","KOSPI","통과","가용","가용","4","2025-11-14","통과","랭킹 가능","120","0.45176864945359035","가격·DART·컴플라이언스 조건 모두 통과"
"280","096530","씨젠","KOSDAQ","통과","가용","가용","4","2018-05-15","통과","랭킹 가능","34","0.6807828256179353","가격·DART·컴플라이언스 조건 모두 통과"
"281","082270","젬백스","KOSDAQ","통과","가용","가용","4","2026-05-15","통과","랭킹 가능","202","0.2071879250504198","가격·DART·컴플라이언스 조건 모두 통과"
"282","120110","코오롱인더","KOSPI","통과","가용","가용","4","2026-05-15","통과","랭킹 가능","83","0.571704716007692","가격·DART·컴플라이언스 조건 모두 통과"
"283","415640","KB발해인프라","KOSPI","통과","결측: 273거래일 미만","결측","0","","통과","미랭킹","","","결측: 273거래일 미만"
"284","249420","일동제약","KOSPI","통과","가용","결측","0","","통과","미랭킹","","","DART 분기 패널 없음"
"285","468530","프로티나","KOSDAQ","통과","결측: 273거래일 미만","결측","0","","통과","미랭킹","","","결측: 273거래일 미만"
"286","328130","루닛","KOSDAQ","통과","가용","결측","0","","통과","미랭킹","","","DART 분기 패널 없음"
"287","003380","하림지주","KOSDAQ","통과","가용","결측","0","","통과","미랭킹","","","DART 분기 패널 없음"
"288","232140","와이씨","KOSDAQ","통과","가용","결측","0","","통과","미랭킹","","","DART 분기 패널 없음"
"289","000815","삼성화재우","KOSPI","제외","미평가","미평가","","","미평가","미랭킹","","","우선주"
"290","192080","더블유게임즈","KOSPI","통과","가용","가용","4","2026-05-15","통과","랭킹 가능","40","0.6636186154495568","가격·DART·컴플라이언스 조건 모두 통과"
"291","004000","롯데정밀화학","KOSPI","통과","가용","가용","4","2026-05-15","통과","랭킹 가능","72","0.5914899629473289","가격·DART·컴플라이언스 조건 모두 통과"
"292","204270","제이앤티씨","KOSDAQ","통과","가용","결측","0","","통과","미랭킹","","","DART 분기 패널 없음"
"293","330590","롯데리츠","KOSPI","제외","미평가","미평가","","","미평가","미랭킹","","","ETF·ETN·SPAC·리츠 등 비보통주 상품"
"294","185750","종근당","KOSPI","통과","가용","불충분","2","2026-05-15","통과","미랭킹","","","YoY·QoQ 비교 가능 실적 지표가 3개 미만"
"295","089860","롯데렌탈","KOSPI","통과","가용","결측","0","","통과","미랭킹","","","DART 분기 패널 없음"
"296","007810","코리아써키트","KOSPI","통과","가용","불충분","2","2018-11-14","통과","미랭킹","","","YoY·QoQ 비교 가능 실적 지표가 3개 미만"
"297","285130","SK케미칼","KOSPI","통과","가용","결측","0","","통과","미랭킹","","","DART 분기 패널 없음"
"298","085660","차바이오텍","KOSDAQ","통과","가용","가용","4","2026-06-09","통과","랭킹 가능","172","0.30253494207588766","가격·DART·컴플라이언스 조건 모두 통과"
"299","358570","지아이이노베이션","KOSDAQ","통과","가용","결측","0","","통과","미랭킹","","","DART 분기 패널 없음"
"300","012630","HDC","KOSPI","통과","가용","가용","4","2018-05-31","통과","랭킹 가능","164","0.3283392840392102","가격·DART·컴플라이언스 조건 모두 통과"
